num__LotFrontage,num__LotArea,num__OpenPorchSF,num__MasVnrArea,num__BsmtFinSF1,num__GrLivArea,num__1stFlrSF,num__YearBuilt,num__YearRemodAdd,num__BedroomAbvGr,num__2ndFlrSF,num__BsmtUnfSF,num__GarageArea,num__GarageYrBlt,num__OverallCond,num__OverallQual,num__Age,num__LivingLotRatio,num__FinishedBsmtRatio,num__OverallScore,cat__HasPorch
0.013081677,-0.004424438,-0.0044008982,0.0012261061,0.015016434,-0.11158183,0.008188423,0.00043989078,0.010877077,0.0032134298,-0.0069208895,-0.0032790198,-0.038942426,0.0012606243,0.021966087,-0.10599389,0.0,0.0053299875,-0.0007863253,0.050343733,0.0
0.0017331355,0.030807411,-0.0033732592,0.009870032,0.03069766,0.22094508,0.05097061,0.0292626,0.009412135,-0.005307587,-0.011128356,-0.0055852816,0.047344815,-0.0021201519,-0.0074293353,0.3394615,0.0,0.004547695,0.0023173909,0.022029826,0.0
-0.013780549,-0.004994459,-0.0061163823,-0.0012200918,-0.047919285,-0.12005884,0.015410219,-0.07122107,-0.026543878,0.0012250633,-0.0029359069,0.019065188,-0.018049441,-0.0067003462,0.010654222,-0.15594667,0.0,0.010019203,-0.005701351,0.02882481,0.0
-0.0066447216,-0.06594519,-0.0013298212,0.0015304405,-0.004172683,0.119942635,-0.02996212,-0.030157134,-0.021005685,-0.0041222326,-0.018822283,0.0038899262,-0.005326481,-0.017156824,0.028098622,-0.06348884,0.0,0.006902288,0.008708083,0.051725525,0.0
0.009572604,0.04009655,0.010307454,-0.0022824975,0.05011166,-0.011876513,0.0123419035,0.08602617,0.03617936,-0.007470588,-0.0030775352,-0.0043512676,0.057825014,0.009301342,-0.0066830656,0.38588014,0.0,-0.00039088045,-5.271969e-05,0.035633378,0.0
-0.032799065,-0.06399615,0.00044943657,-0.0013131467,-0.019692851,-0.16627513,-0.115732566,0.038581464,-0.025440024,-0.0011583281,-0.0050351713,-0.017908463,-0.08543986,-0.029999448,-0.00012389949,-0.16803099,0.0,0.0072841533,-0.0023813832,-0.042400595,0.0
0.010047532,0.058258872,0.00029188412,0.009279045,-0.01414496,0.14353187,-0.011189078,-0.03766548,0.022266516,0.001966948,0.0077392617,-0.0025913583,-0.019788025,-0.0011175148,0.020729885,0.12965176,0.0,0.008209385,0.017901504,0.037286628,0.0
-0.011585916,-0.035415195,-0.0009636958,-0.0022468767,0.0026111684,0.048980642,-0.029530613,0.012665195,-0.019174168,0.008735401,-0.009059366,-0.00090046105,0.0070041325,0.008468504,-0.0067571197,-0.05870765,0.0,2.0045838e-05,0.009500117,0.023103934,0.0
-0.033243813,-0.06476656,-0.003486269,4.9347425e-05,-0.030603081,-0.17472798,-0.09625954,0.034958284,-0.026107477,-0.0011621492,-0.0054464038,-0.0195698,-0.072489984,-0.029986434,0.0020067797,-0.1684786,0.0,0.0019438828,-0.003264222,-0.041849945,0.0
-0.0040776664,0.041620467,-0.002180928,-4.97476e-05,-0.06926022,-0.010174156,-0.025292166,-0.011822192,-0.017088113,0.007846504,-0.0055366172,0.0068543456,-0.02630865,-0.0008163767,0.021451067,-0.13136992,0.0,-0.027732039,-0.014819436,0.009883111,0.0
-0.0067624142,-0.017288914,-0.0005607482,-0.0007885654,-0.03881385,-0.03461503,-0.025107164,-0.025266074,-0.057412323,0.0037412439,-0.011280698,0.01664659,-0.043841027,0.004591176,0.022582466,0.13471371,0.0,0.012717728,-0.00054966577,0.04160393,0.0
0.012380034,0.021305474,-0.0023587523,-0.0010227113,0.00971575,-0.14517967,-0.038514998,0.0048241685,-0.018950626,0.009988119,-0.0054587657,0.0028209875,-0.053745855,0.0017670573,0.005189911,-0.1291219,0.0,0.011133457,-0.0009709175,0.013348287,0.0
0.027969128,0.043468125,0.014953562,0.00024826571,-0.03191064,-0.13090998,-0.027629102,-0.05308752,-0.031206174,0.019983677,-0.0046108966,0.0049296566,0.056031156,0.07020133,-0.0062086517,-0.19383897,0.0,-0.0058452445,-0.017294733,-0.14147438,0.0
0.0047663287,0.005380386,-0.019852456,-0.00641302,-0.029549526,0.016915495,0.026597608,0.041953664,0.03283378,0.0006455031,-0.0031149795,-0.010323401,0.0063759685,0.006296419,-0.00494986,0.112356275,0.0,-0.00035393328,-0.008563184,-0.00071468815,0.0
0.009820636,-0.0011014623,-0.0006489869,-0.00038301313,-0.04430527,0.10126864,-0.020958362,0.055680297,0.016900215,-0.0018022973,-0.007343753,0.00041940855,0.0054990514,0.014861863,-0.005911372,-0.07221543,0.0,-0.0017675611,-0.007434953,0.018139984,0.0
0.016150026,-0.015685355,-0.0009992818,-0.0013397842,0.029632194,-0.09820726,-0.005521497,-0.019660367,0.014127485,0.000582586,-0.0067703347,-0.0007551461,-0.044775046,-0.005629845,0.007746138,-0.14202513,0.0,0.011445728,-0.0026792348,0.01868062,0.0
-0.0041702637,-0.00045931575,0.0013875291,-0.0001937069,-0.038362425,0.0510646,-0.024229461,0.047050893,0.022276765,0.0019418853,0.007407813,-0.0009770917,-0.015728317,0.009798985,-0.003026893,0.10218841,0.0,-0.0015379057,-0.010573039,0.0041812626,0.0
0.010050433,-0.023902642,-0.007931126,-0.004862616,0.007888256,-0.09408577,-0.00018034712,-0.00046390775,0.01113262,-0.0009388813,-0.0038571495,-0.0030518123,-0.07093245,0.0015649297,0.0037420993,-0.1336129,0.0,-0.0018323513,0.0022684683,0.022636842,0.0
-0.010765025,-0.007737574,0.010353389,-0.0011015168,-0.045771424,-0.11150436,0.006435788,-0.103333116,-0.025839442,0.0022029616,-0.007385628,0.014525613,-0.01833426,-0.027982011,-0.0058772326,-0.1499831,0.0,-0.0069520897,-0.0070546963,0.019733135,0.0
0.001997467,0.008298272,-0.0010883398,-0.005873033,0.057525445,-0.042293195,0.031155892,0.03627711,0.020931335,-0.00562237,-0.0051876716,0.00019797705,0.010270111,0.005695912,-0.009097361,0.10292925,0.0,0.010581249,0.0009388536,0.006641826,0.0
0.003566129,0.02677451,-0.010302915,-0.001596507,-0.0564834,0.1160883,0.016154775,0.0050517446,0.01793574,0.00071973907,-0.0057606925,0.015526,0.004482834,-0.0003646299,-0.028082773,-0.20731775,0.0,-0.0045565274,0.012272121,-0.09059144,0.0
0.0051894244,0.004275444,0.00026862204,-0.0044192458,-0.04832293,0.0035627368,-0.041214243,0.06641034,0.04356243,0.0031816508,-0.0054543926,0.004737384,0.048534457,0.010590578,-0.0029238027,0.27699944,0.0,0.00018715017,-0.009834378,0.030176884,0.0
0.0031985964,-0.0014611125,-0.0009335961,-0.0008171194,-0.011877694,0.043416955,-0.032989495,0.06793947,0.022471588,0.0021565666,-0.003516202,0.0025401711,0.02044581,0.012305742,-0.006100087,-0.07231891,0.0,0.00045274713,0.016460665,0.012350259,0.0
0.018148936,-0.033219427,-0.0075459457,-0.0012589716,0.0031953158,-0.10368065,-0.021242535,-0.0015440009,0.013838933,-0.0059798355,-0.0064910934,-0.0026998986,-0.018144876,-0.020048017,0.005605925,-0.13057841,0.0,0.00076856825,0.004563128,0.026581531,0.0
0.0022828565,0.0017288427,0.0031322143,-0.009836138,0.0070988773,-0.041902058,0.02483391,0.03396535,0.010225278,-0.0016916989,-0.0044540525,0.0026963758,0.03515379,0.0038448093,-0.0068262746,0.09401329,0.0,-0.0008384504,-0.010853502,0.0041181236,0.0
-0.010709501,-0.005993886,0.0053907903,-0.002329332,7.920113e-05,-0.072651,0.018445874,0.066453084,0.004690974,0.00019762656,-0.0064399727,0.0053131073,0.011856306,0.009853622,-0.003194422,-0.11102416,0.0,0.0006926906,0.009380704,0.025573531,0.0
0.002338375,0.0017844735,0.0005719868,-0.0062601445,-0.024521684,-0.069836445,0.028372413,0.07328944,0.044585034,-0.0005340585,-0.0020807032,-0.0029303578,-0.029764399,0.0010975716,-0.005880596,0.119492814,0.0,0.004000829,-0.001430718,0.0050704335,0.0
0.035578158,0.045740183,-0.0065965196,-0.0008860654,-0.040365744,-0.15920772,-0.024004985,0.018463213,-0.031151893,0.0033350252,-0.0051884446,0.006668136,-0.011198064,-0.00011202619,-0.0006417777,-0.16273299,0.0,0.00396391,0.0052657994,-0.103301436,0.0
0.0053050197,-0.0049166316,-0.0012420843,-0.0030760209,-0.046124548,0.07692318,-0.03644747,0.032589786,0.015310332,0.001426015,-0.0068914252,-0.007096225,0.0023550713,0.008491121,-0.003564147,-0.063535675,0.0,0.00049795717,-0.015049232,0.017369865,0.0
-0.011256109,-0.034859773,-0.0020921056,-0.0003453864,-0.028789554,-0.045223266,0.056280147,0.056688372,0.05257555,-0.0029957267,-0.0029059264,0.0029180483,-0.0061048646,0.010285418,-0.005634902,0.11422504,0.0,4.259075e-05,-0.0050541125,0.0034603619,0.0
0.014624997,-0.01646255,-0.0012568291,-0.002396042,-0.0407957,-0.053845983,-0.021660246,-0.103468046,0.0077105,0.008004613,-0.00044801392,-0.0041986816,0.01824861,0.01571595,0.02380731,-0.16317274,0.0,-0.0084328605,0.00044832757,0.044911884,0.0
0.028327528,0.005231032,-0.00019619944,0.0096338065,0.0123023465,0.16543472,-0.017749663,0.031954706,0.01992655,0.0010156988,0.013646157,0.0030260973,0.04382725,0.018211937,-0.00056480546,0.14452097,0.0,-0.0067470362,0.0026503967,0.0063142106,0.0
0.004286087,0.041841984,-0.0014785512,0.0015574925,-0.058538377,0.2263866,0.014241311,-0.027372563,0.012348839,0.0014729123,0.020177636,0.004034626,-0.048776276,-0.03693988,0.010823162,-0.17222169,0.0,-0.0046348325,0.004344249,0.008604996,0.0
0.03073894,-0.0020069235,-0.006307674,-0.0010106057,-0.00057015783,-0.08607498,-0.024534121,0.009042157,-0.02689405,0.0028257405,-0.008722521,0.0022796942,-0.031029373,-0.0013522254,0.013550535,-0.12190867,0.0,0.0061177514,0.0042388965,-0.02334725,0.0
-0.021577872,0.02539049,-0.0022565816,0.0018352661,-0.030265354,0.006591483,0.026055789,0.04621229,0.020695513,-0.0027802342,-0.00817078,-0.0013624487,0.058366876,0.0013671897,-0.0033124087,0.30870327,0.0,-4.3359058e-05,0.0060961293,0.02975553,0.0
0.01655778,-0.015033276,-0.0073594605,0.0010324096,0.021791488,-0.081615165,0.0047712172,-0.004593472,-0.01875123,0.008016199,-0.0031827083,0.003647845,-0.0095368335,-0.0016794358,0.0063706324,-0.10340111,0.0,0.00913631,0.0101332115,0.039931513,0.0
-0.0015254215,-0.027815556,0.00064996956,-0.00020782,-0.045696437,0.12016068,-0.0036672542,0.0089109205,-0.019210992,0.008287897,-0.00075306627,0.0075052767,-0.012484197,0.008659749,-0.025021512,-0.17647839,0.0,0.0064073578,0.014796949,-0.059482716,0.0
0.0052964385,-0.0024065208,0.00080610096,-0.0008807864,-0.038319174,0.11814213,-0.018258054,0.037293635,0.024709769,0.00256357,0.0102768615,0.003590992,-0.010479537,0.008092814,-0.0026967113,0.12399091,0.0,0.011934251,-0.006160205,0.00495992,0.0
0.010438572,0.03874041,-0.0070432206,-0.013030788,0.04238899,0.17427494,-0.013522287,0.018621346,-0.008845956,-0.0018258595,0.0065149083,-0.011244694,0.027898483,0.00034409945,0.013064089,0.26745108,0.0,-0.0029425914,0.0009840692,0.024517553,0.0
0.023134379,0.012966805,-0.002566025,0.0003538616,-0.046752106,-0.14057772,-0.034951594,0.011074375,-0.037092235,0.00516611,-0.0035128298,-0.01701894,-0.02178745,-0.0032135907,-0.002338089,-0.15078323,0.0,-0.0046399343,-0.007921541,-0.04845671,0.0
-0.008646846,-0.0034250964,-0.0027551642,5.67182e-06,-0.024673527,-0.09421094,-0.017390082,-0.068956226,-0.033067178,0.008971889,-0.0029954857,0.011942537,0.004674242,0.018489104,0.0022302165,-0.11148443,0.0,0.0053652357,-0.0096308105,0.03298449,0.0
0.007969763,-0.01319929,0.008203431,0.0026704527,0.00431327,0.1672864,-0.0009242319,0.039445028,0.02814301,0.0022613,0.0039074933,0.005209482,-0.012283688,-0.011252485,-0.00079986156,0.12416268,0.0,0.0024988754,0.0039275805,0.003723511,0.0
0.0060466486,0.013453234,-0.0042653913,-0.0014745722,0.0064752796,-0.10355231,-0.031622622,0.012180845,-0.017892778,0.0014547787,-0.005720047,0.0075709852,-0.039616663,0.0027386923,-0.0041034054,-0.12042584,0.0,-0.005665493,0.0040266337,-0.02705576,0.0
0.018059222,0.02997031,0.012664888,0.020051012,-0.05202807,0.14536078,0.08386154,0.08370466,0.028357763,-0.0060069896,-0.0070344624,-0.027507184,0.03435427,0.021023043,-0.0049446328,0.36349005,0.0,0.0021579815,-0.007650293,0.033902362,0.0
0.0044893706,0.009837577,-0.003336268,-0.0044298153,0.04250444,-0.09283095,-0.006243745,-0.0038741075,-0.029187175,0.007388185,-0.003598472,-0.0018184711,0.017020196,-0.0008384382,-0.0046772445,-0.1275846,0.0,-0.02280417,0.003293223,-0.03239676,0.0
-0.00025756093,0.0038334848,-0.0043302565,-0.00024457026,-0.05299125,0.14322278,-0.00023362804,-0.115087196,-0.056410495,0.005738536,0.02718787,0.010172004,-0.054750428,-0.032675404,-0.01233294,-0.12138572,0.0,0.009502659,-0.0068133273,-0.066351,0.0
0.015104855,-0.019628711,-0.0052710124,-0.0012288794,0.0070292847,-0.09542224,-0.039765507,-0.009069215,-0.032951057,-0.0007145435,-0.0065117916,-0.02120552,-0.042406466,-0.0015875257,-0.008109697,-0.14229518,0.0,0.0077801947,0.0064614783,-0.04285132,0.0
0.011779916,-0.022018675,-0.00604774,0.00058086216,0.036345497,-0.10549381,-0.031019514,-0.0047712466,-0.021436121,0.0077912416,-0.0049525276,0.0049974197,-0.013249153,-0.0049565053,0.015039897,-0.1313461,0.0,-0.0039031224,-0.0005806658,0.020186625,0.0
-0.018476458,0.03174696,-0.1563961,-0.002287092,0.05521001,0.14451332,0.07254695,0.06668669,0.041133106,-0.0054957774,-0.013900423,-0.0067629516,0.016204348,0.008616128,-0.0058453134,0.3020837,0.0,-0.005670908,-0.003962379,0.035624202,0.0
-0.0027419962,-0.0056812107,-0.0022763582,-0.0016896572,0.03730567,0.05406469,-0.026502123,0.0026785587,-0.04420919,0.006363492,-0.0060948986,0.0014082661,-0.047966935,-0.0019082886,-0.0032065357,-0.11570885,0.0,-0.0006136238,0.0046572303,-0.04272064,0.0
-0.009645341,-0.01930612,0.009807168,-0.0002449263,0.015868803,-0.101973094,-0.0038795068,-0.021694409,-0.020128896,0.0037271434,-0.0050419653,-0.0019068547,-0.03171732,0.008447405,0.009051863,-0.13552211,0.0,0.00091188407,0.008896583,0.023873564,0.0
0.010120455,0.00024333742,0.0069395145,-0.0013848447,0.081829384,0.08359914,0.013215187,0.016693514,-0.034182947,-0.0012432772,-0.005496755,-0.015575031,0.02917647,0.0033683109,-0.011243224,-0.083710276,0.0,-0.00040717414,0.019475698,0.0133761745,0.0
0.0042233267,-0.032403115,-0.007900904,1.5693455e-05,-0.043116853,-0.04603742,-0.073176235,0.0107956575,-0.015862882,0.004704508,2.6591006e-05,-0.002543201,-0.032159213,0.010862048,0.0025553533,-0.12755354,0.0,0.002964112,-0.0061322795,0.021433173,0.0
0.006275052,0.024508083,0.013894253,-0.0006025877,0.036083233,0.19309904,0.07998798,-0.020565769,-0.03575493,-0.0067414865,-0.007905874,0.0019503119,-0.008366246,-0.008676515,0.008974314,0.34538874,0.0,-0.011658627,0.0032053946,0.033352025,0.0
0.012787789,-0.03226331,0.0005785795,0.0013746305,0.033033255,-0.16222262,-0.024413405,0.07417756,0.012643972,-0.0011437845,-0.0035500326,0.0014629766,0.007210159,0.027657833,-0.0049834554,-0.10733114,0.0,-0.0037232155,-0.0037028687,0.006533815,0.0
0.007403993,0.01772777,-0.007561805,-0.0010040032,0.08127472,0.045658693,0.04594696,0.047414828,0.027646553,-0.002514666,-0.0073886146,0.0031236731,0.021681719,0.00052689924,-0.0077922246,0.12170229,0.0,-0.00023644028,0.007645303,0.0008053555,0.0
0.0024796948,0.0019147686,0.0059009315,-0.005505349,0.0019453262,0.050049063,-0.029521743,0.03600113,0.01790737,0.0025357879,-0.0036430992,-0.0003535386,-0.020564875,0.00019187611,-0.0012921564,0.075424835,0.0,-0.0027498354,0.014280316,0.0029606347,0.0
0.0028609147,0.03829661,-0.0054150173,-0.00038820406,0.023909446,-0.099513985,-0.0047359117,0.007835152,-0.011854831,0.0026538053,-0.0052083475,0.003979259,0.022376548,-0.001967285,0.0066157416,-0.099308245,0.0,0.018471926,0.008034964,0.015375613,0.0
0.004081724,-0.004329899,-0.004512606,-0.0033835436,0.0017307727,-0.080097094,0.0065954025,0.02757462,-0.019488506,0.007213696,-0.004416405,0.0042158375,0.047266096,0.008064035,-0.0065897414,-0.109321535,0.0,-0.0030920634,-0.008415626,0.023383709,0.0
-0.010044654,-0.016110694,-0.0029618621,-0.0010003332,-0.04482613,-0.17198043,-0.02431861,-0.038647205,0.020877859,0.0030116881,-0.0042786407,-0.027249085,-0.01137282,-0.006775097,0.013206481,-0.15983647,0.0,-0.008268354,-0.0038711398,0.025865624,0.0
-0.013885754,-0.03559882,-0.0025506373,-0.0007323046,-0.04082894,-0.20354763,-0.12803847,-0.08389232,-0.023361279,0.0009708761,-0.004551253,0.019515684,-0.021341594,-0.04381063,0.00628358,-0.18874192,0.0,-0.01844527,-0.004771887,-0.063276775,0.0
0.0046762773,-0.014893674,-0.004439093,-0.00071189937,-0.0064322753,-0.042831738,0.018700607,0.005947733,0.009061978,0.0045499913,-0.0071262196,-0.014970161,-0.020580575,-0.0027592068,0.005471372,-0.13704187,0.0,-0.01124053,8.756932e-05,0.030871997,0.0
0.007877684,-0.00981518,0.01397221,0.007288027,-0.036631275,0.21122195,-0.04153788,0.04044299,0.022888212,0.0019199161,0.014714135,0.0027165853,0.055564497,0.010962351,-0.0014856007,0.33306617,0.0,0.0042360183,-0.007338089,0.015623633,0.0
0.0073122685,0.03683197,0.023787409,0.011557721,-0.03307504,-0.009589834,0.0148684615,0.076902255,0.030895269,-0.008908152,-0.004321915,0.0049136663,-0.011554096,0.03262822,-0.0041900403,0.3530316,0.0,0.004096621,-0.01475044,0.031117473,0.0
0.0006623413,0.04025239,-0.019768104,-0.0060182028,-0.04812985,0.022281893,0.04151191,0.069271706,0.026735947,0.00042940647,-0.0045186593,-0.009485751,0.042993907,-0.0015032325,-0.006106493,0.3123253,0.0,-0.0062730713,0.0061098924,0.03075332,0.0
0.0057687596,0.042576782,0.0053539737,0.0023973556,0.026615573,0.2494209,0.030750835,-0.010725317,0.012480323,-0.0015172845,-0.010089068,-0.005544659,0.017683148,0.0055116275,0.025050236,-0.084425665,0.0,-0.0066678147,0.004594779,0.054994944,0.0
-0.00803335,0.015973268,0.0014640486,-0.0016302264,-0.039110225,-0.11441385,-0.03456032,-0.049615756,-0.03585643,0.00319658,-0.003654557,0.006368906,-0.025215175,-0.006738701,0.008609932,-0.16771005,0.0,-0.01239651,-0.016034286,0.02024564,0.0
0.005575362,0.031957805,-0.0073133064,0.0033612957,0.02844184,0.16652068,0.041250437,0.039889444,0.017014287,0.0146832075,0.0062519377,0.002176906,0.040033843,0.003372576,-0.006228305,0.31602693,0.0,-0.0040015364,0.001747842,0.034978244,0.0
0.0073505775,0.03047548,0.0015971806,-0.0012079644,-0.0056592943,-0.08728083,-0.0033367989,0.035632648,0.011019313,0.0024975664,-0.0092460625,0.0017700922,-0.08525345,-0.012828985,-0.008326007,-0.14480826,0.0,0.0021077036,0.011348193,-0.0033198362,0.0
-0.006972806,-0.03873661,0.00043008954,0.014979873,0.010459989,0.04919428,-0.028869072,0.043692354,0.018929489,0.0006684924,-0.0032755136,0.00053579535,-0.0014802992,0.021738844,-0.0073351017,-0.07049187,0.0,-0.005079975,0.012413129,0.016840631,0.0
-0.001267377,-0.030914908,-0.007827406,-0.0023836647,-0.06287149,0.039654173,-0.0022245143,0.025420137,-0.008711516,0.0027913298,-0.0053476403,-0.022284623,-0.00695294,0.0054828576,0.0041144746,-0.1694032,0.0,-0.011133472,-0.010985238,-0.056796234,0.0
-0.012766068,-0.022119762,0.0010420835,-0.0013694002,-0.013817022,-0.03708178,0.034737192,0.02897894,-0.021522606,0.0029184732,-0.006601129,0.0009510588,-0.025121087,-0.0014322895,-0.0011491644,-0.13184834,0.0,0.0017892531,0.017818118,-0.03276236,0.0
0.0009741934,0.00071795366,-0.0045151454,-0.0011894822,0.0003293575,-0.09755165,-0.028997613,0.009133799,-0.034261104,0.0113148885,-0.006271493,0.009194504,-0.03322066,0.0014121856,0.0025315068,-0.13754725,0.0,-0.002797825,0.0068614744,-0.057306085,0.0
-0.00399571,-0.00094387477,-0.0075558405,-0.0009297796,-0.041423514,-0.1067785,-0.008714835,-0.005553871,-0.028756257,0.06561045,-0.0031197893,-0.016904939,-0.0070172083,-0.005083041,-0.0061536073,-0.15787636,0.0,0.0013757949,-0.0034854054,-0.14294393,0.0
-0.0027372697,0.020614361,0.018595872,-0.013043003,0.082046404,0.16712542,0.09919194,0.08036278,0.041627057,0.0070231436,-0.00863047,-0.0049636452,0.037219997,0.0081423735,-0.0034935318,0.4554828,0.0,-0.0065833293,0.0014742487,0.037107162,0.0
0.0077445894,-0.033206556,-0.0031269814,0.002609532,0.041365225,-0.04710844,0.028884409,0.06257907,0.0145329125,-0.0014514652,-0.0055354433,0.020835148,0.0061338083,0.02540784,-0.0056951023,-0.08645194,0.0,0.0031617614,0.0060964026,0.02132117,0.0
0.014253177,-0.022300567,-0.003389056,-0.0018078329,0.03819005,0.16431364,-0.018784413,0.04213124,0.008143722,0.0021410226,0.006762675,-0.010080423,0.03160265,0.012308788,-0.0030373062,0.31107393,0.0,-0.0013645719,0.0026358927,0.019782387,0.0
0.012261274,0.0061328844,0.012060313,0.0101658655,0.05976259,0.24912085,0.008814042,0.030061113,0.015351827,0.00079668185,0.008345536,0.004578698,0.044668116,0.01199218,-0.0017553956,0.17157112,0.0,0.0018327414,0.0043114168,0.008130078,0.0
0.010262424,-0.012704892,-0.004801974,-0.0023944406,-0.005382906,-0.03988247,0.010760873,0.0105719315,-0.024971303,0.0072492585,-0.0040864064,-0.00405683,-0.015317316,0.0037017134,0.0039191446,-0.12609191,0.0,-0.0071265697,0.0069126566,0.02528101,0.0
-0.009541546,-0.0277748,-0.0008817852,-0.00025133428,0.027626554,-0.14741096,-0.03259207,0.016334932,-0.017611047,-0.0017253221,-0.005029079,0.00032251852,-0.027851725,-0.0010900437,0.014351996,-0.135518,0.0,0.0005484138,-0.001285977,0.025072234,0.0
-0.03140093,-0.06142657,-0.002480107,0.0034735922,-0.007096656,-0.1448182,-0.13619922,-0.0011230732,0.01809386,-0.00026245826,-0.005069383,-0.0020755443,-0.056212567,-0.006265101,0.016608894,-0.1423845,0.0,0.0055483794,0.004937527,0.050787237,0.0
-0.009736373,-0.0011509748,-0.008931882,-0.0009894092,-0.02030344,-0.0897115,-0.0053058,-0.11470727,-0.027978625,0.03801506,-0.0034447752,0.0041843248,0.0030744097,-0.016958961,-0.030157287,-0.20179436,0.0,-0.0023764079,-0.0056072013,-0.18227659,0.0
0.047151837,0.05772131,-0.007937452,-0.0012775236,-0.05085213,-0.10087428,-0.004010484,-0.0069398773,-0.029255645,0.00082514505,-0.0045374185,-0.0064944015,0.018215688,0.0026862584,-0.0035553423,-0.14081201,0.0,-0.0071786833,-0.024237914,-0.027345685,0.0
-0.01278833,-0.035978913,0.016446462,0.00066439353,-0.044484362,-0.15667132,-0.017825658,-0.05823435,0.010688971,-0.0031220824,-0.0063335435,-0.0003035816,-0.026267165,-0.029906806,0.021253657,-0.17101806,0.0,-0.0005762399,-0.005147939,0.07159542,0.0
0.004516093,-0.007018304,-0.0022168388,-0.0029989425,-0.013495128,0.01473791,-0.032487072,0.016889589,-0.010128694,0.0011190624,0.0109514175,-0.0018823969,0.00426885,-0.0037639674,0.034508538,-0.056968287,0.0,-0.0014712113,0.0027088188,0.04110613,0.0
-0.0036146934,-0.03917048,-0.0013066651,-0.0011278235,-0.071822025,0.07536712,-0.018318143,-0.032088276,0.012750548,-0.0013516528,-0.0056879786,0.008817264,-0.03469134,-0.01598212,0.022600235,-0.1391775,0.0,0.017476117,-0.0049470463,-0.045577455,0.0
-0.0018282144,-0.0035738775,-0.014808202,-0.0028258772,-0.04676349,0.086049035,-0.029612109,0.05282424,0.028327854,0.001439717,0.007506693,-0.0003503625,0.051160887,-0.00031230226,-0.0038311223,0.2912059,0.0,-0.0010492584,-0.0078436965,0.020958655,0.0
0.008626261,-0.037541393,0.0010304124,-9.632742e-06,0.039699048,-0.041071434,0.040849067,0.016772121,-0.0058275694,0.0047889445,-0.0052822735,0.0015885194,-0.014476976,-0.00046394384,-0.0071953563,0.086189404,0.0,0.0041439002,0.0008293199,0.008508232,0.0
-0.018116195,-0.038040455,-0.0001982191,0.0014699395,0.02854199,-0.15992081,-0.03033538,0.08066965,0.012815364,0.0007466018,-0.0026573902,-0.0005927634,0.006562412,0.03411636,-0.006469737,-0.11010204,0.0,-0.0068206037,-0.0045006904,0.006715842,0.0
0.0004943983,0.012717725,-0.009059733,-0.0039698323,-0.02593059,-0.04630558,-0.03445885,0.045215502,0.029177822,0.0019158033,-0.0061975624,-0.0097418865,-0.012655537,-0.00087935606,-0.0053673624,0.09196397,0.0,0.0018207802,-0.010087183,0.002593823,0.0
0.0056682257,-0.032901578,0.007910003,0.0007515588,0.0030953768,0.07495264,0.0015089742,-0.041044943,-0.02000122,0.0024874923,-0.0062103705,0.005712179,0.025556922,-0.0069181477,0.0105718635,-0.15492791,0.0,-0.0030757552,0.0069858506,0.0058558453,0.0
0.011237124,0.0050404654,-0.00092415273,0.0125493575,0.047436643,0.107263744,-0.010305193,0.009997442,-0.012446114,0.009357076,0.0055618975,-0.010350219,-0.0064561386,0.010596933,-0.0027437564,-0.12123654,0.0,0.0048159123,0.0077631967,-0.0468416,0.0
0.014269218,-0.02841585,-0.005428726,-0.0008541179,0.007837012,-0.14896198,-0.031591896,0.025145601,-0.0193321,0.00023831136,-0.0054380186,0.007351125,-0.06807291,0.008541834,0.015025993,-0.13560408,0.0,0.014248097,-0.010444938,0.02434234,0.0
0.023751047,-0.006926255,-0.001309731,-0.004290932,-0.03141944,0.1977995,0.0036440147,0.0255419,-0.011681021,0.00087660964,0.022078028,-0.017584765,0.015381436,-0.023992842,-0.0019100221,0.12023105,0.0,-0.00648036,1.37587995e-05,0.006933418,0.0
-0.0034133245,0.010640005,-0.005983744,-5.4546526e-06,-0.087781526,0.101094015,0.027023548,0.01262487,-0.02230333,0.01146971,-0.0070443256,0.0018741701,-0.030190598,-0.036181167,0.0009206762,-0.16072817,0.0,-0.0072362,-0.011434047,-0.09311978,0.0
0.0020455576,0.0011292107,0.00029831505,0.00075436756,-0.021490503,-0.035982605,0.027630059,0.083458304,0.03646614,0.0016339954,-0.0009916432,-0.017192084,0.008986958,0.015512615,-0.0065457774,-0.08704156,0.0,-0.005736523,-0.0053943247,0.012356744,0.0
0.0031125394,-0.011221225,-0.020404797,-0.0068234536,-0.030044185,0.021716803,-0.010182584,-0.035978887,0.02939757,0.0042180377,-0.0049288822,0.007911272,0.06297003,-0.00091345905,0.025646098,0.13064699,0.0,-0.0017392421,-0.0044646007,0.035544038,0.0
-0.0101858005,-0.055692043,0.00032297248,-0.0020346865,0.004234755,-0.032077137,-0.048172746,0.03535267,0.019796051,0.0013511535,-0.002776114,0.0068703257,-0.0016461682,0.0064588245,-0.0083324155,0.09343971,0.0,0.003959649,0.0146566685,0.0028245023,0.0
0.0049416036,0.0005328187,0.0065632034,-0.0083486,-0.032573674,-0.00076523726,0.03288672,0.053409167,0.04343032,-0.002599728,-0.0030607022,-0.004077207,0.039754767,0.0046560285,-0.0050173644,0.13196118,0.0,0.00037822642,-0.008302451,-7.45365e-05,0.0
0.004953646,0.026403457,0.0014808748,0.0070752273,0.0015902983,0.1675657,-0.03267876,0.003225481,-0.040563725,-0.0017131097,-0.01998262,-0.0071077654,-0.031650055,-0.017681902,0.0135379685,0.10097846,0.0,-0.0062336223,0.00264704,0.020495648,0.0
-0.00056916405,0.0030264524,-0.011923589,-0.0032397772,0.0688835,0.12248836,0.015326334,-0.007966993,-0.040157467,0.015556482,-0.005568138,-0.0032467037,0.0064466195,0.007906278,-0.024391567,-0.12236717,0.0,0.0070700147,0.0029628119,-0.13222681,0.0
0.0014120922,0.0005338358,0.00427425,0.0045375936,-0.0037788595,0.060163762,-0.019064002,0.048303045,0.031234536,0.00031389482,0.012277077,3.7978374e-05,-0.0018367153,0.0077503254,-0.003157093,0.08594333,0.0,-0.006426583,0.017052278,-0.00020659588,0.0
0.018929984,0.012082673,-0.0045694574,0.0055820635,0.108514234,0.20518774,0.043379635,-0.017923214,-0.040182278,-0.0029222334,-0.0070847035,0.0029231857,0.007981792,-0.013535704,0.013923304,0.14426526,0.0,0.0019646946,0.0016658381,0.03379299,0.0
-0.009985266,-0.017239453,-0.0011212523,0.00015566975,-0.03233847,-0.14782116,-0.017395087,-0.05989962,0.015231446,-0.00077091606,-0.0066235336,0.0051118033,0.016585948,-0.0033593397,0.023068627,0.19346052,0.0,-0.008475428,0.002125382,0.0380213,0.0
0.0070799286,0.06203317,0.008519976,0.0009280285,0.061967533,0.029234463,0.03444406,0.01037333,-0.015354247,-0.005861227,-0.004089394,0.020054618,0.019550249,0.0005056176,0.031131404,-0.108452015,0.0,0.010727702,0.015044736,0.009376542,0.0
0.0150736775,-0.013987976,-0.0018584707,-0.002622824,-0.018842058,0.062025234,0.01786225,-0.003711128,-0.0323667,0.03567514,-0.0052028294,0.0134345135,0.015191449,-0.015651414,-0.016816469,-0.08860251,0.0,0.002965514,0.005190238,-0.12119856,0.0
0.004088899,-0.01645165,-0.000820461,0.00093415455,0.00095491775,-0.11860848,-0.0033904335,0.013233137,0.011239241,0.00021537117,-0.0054334584,-0.0011939278,0.001573397,0.0010917545,0.016229257,-0.11812166,0.0,0.0004407306,-0.0001439263,0.055436496,0.0
0.0018847191,-0.034086153,0.010516603,-0.001217945,0.06444966,0.046265308,0.090420805,0.009472921,-0.019112676,-0.0063503124,-0.0072570867,-0.0029296638,-0.0077772825,-0.00017137214,-0.005412936,0.31497627,0.0,0.0003223897,0.0005411536,0.021533009,0.0
-0.0059817065,0.00035127858,0.003847108,-0.0028871158,0.03774322,-0.10794155,-0.014921228,0.07101306,0.013921597,0.007906619,-0.004430521,0.0027306557,0.03194002,0.011717082,-0.004537909,-0.15321812,0.0,0.0012003399,-0.0063138176,-0.015488177,0.0
0.009298906,0.0300598,0.00072653464,-0.005049754,0.06464511,0.1540611,0.0033148702,0.00041401945,-0.015189917,0.006395343,0.024164882,0.0042679864,-0.0037287879,0.00029976416,-0.0034573243,-0.13690303,0.0,-0.0053581265,0.00879699,-0.035070896,0.0
-0.014292899,-0.02718057,-0.0019892678,-0.0013020085,-0.045046512,-0.18826038,0.006971175,-0.0790783,-0.032216784,0.033551097,-0.0036250695,0.0015075073,-0.08737402,-0.028327847,-0.026173072,-0.21313913,0.0,6.5210334e-06,-0.009052757,-0.18794762,0.0
-0.00030791352,-0.010002071,0.0006235582,-0.0023143257,0.015779722,-0.101541825,0.023521723,0.0356911,-0.008400092,0.0049247253,-0.006951456,0.004664869,-0.08661613,-0.01569496,-0.006206513,-0.13612396,0.0,-0.0011304895,0.0130877895,-0.008259209,0.0
0.014012742,-0.022125047,0.0027785907,0.0016324676,0.02293695,-0.09789801,0.0033711826,-0.0036506895,0.010371843,0.0011205307,-0.006538974,-0.0028112482,-0.04230406,-0.0001552493,0.01980539,-0.12858145,0.0,0.004797639,0.0023479958,0.051545624,0.0
-0.00075327425,-0.0510438,0.0012766558,-0.00041721566,-0.060409147,0.07466319,-0.014583199,-0.03406939,0.014228285,-0.004838367,-0.011929473,0.008780462,-0.04714442,-0.01005654,0.032298256,-0.149194,0.0,0.017916793,-0.0021459283,0.05429203,0.0
0.0022371353,0.0009261109,-0.006675826,0.0006518966,-0.037010867,0.03685447,-0.0203191,0.058292102,0.035806138,0.0001178256,0.0035487555,-0.0032145653,0.016414234,-0.00026446115,-0.0040472783,0.11609595,0.0,0.0008417126,-0.011819172,0.002812324,0.0
-0.010418494,-0.021862715,0.00048180332,0.010579078,0.012663413,-0.16689204,-0.02474013,-0.045786925,0.0030746297,0.00088972575,-0.006847291,0.01158174,-0.026925534,-0.017016074,0.0066739134,-0.1645832,0.0,0.00452993,0.0046407506,0.035610404,0.0
-0.0056520505,-0.03229944,-0.0073565906,-0.00072432257,-0.050527886,-0.11773634,-0.028679755,0.0067780055,0.016472349,-0.00860566,-0.004276155,-0.0054598507,-0.035341136,-0.019104067,0.01442852,-0.13910177,0.0,7.3541945e-05,-0.0005929475,-0.021111213,0.0
0.020700652,-0.008467098,-0.00027362243,-0.0021097453,-0.046922065,-0.13041733,-0.014344629,0.011085441,-0.022200827,0.008260064,-0.003994029,0.01746739,0.0013330174,0.017470833,-0.0022623907,-0.15313235,0.0,-0.0015525955,-0.004926928,-0.1080596,0.0
0.0074234684,-0.012399285,-0.001961932,-0.0013230173,-0.04106761,0.111443944,0.0040486464,0.022865998,-0.03422426,0.007112231,-0.0038502696,-0.01690929,0.021516843,0.004024401,-0.011493508,-0.07409918,0.0,-0.012711538,-0.012384107,0.011436974,0.0
-0.0042697373,-0.0006307671,-0.0058947634,0.0135921,0.06489121,-0.0051126163,0.021030404,0.02910969,0.012492285,-0.0029509133,-0.0044657253,-0.0003450671,0.03537061,0.0050403425,-0.0065968237,0.32132286,0.0,-0.0031018516,-0.0015923058,0.02202757,0.0
-0.014235536,-0.04032692,-0.0009732243,0.0051491885,0.0008057429,-0.13807404,-0.05939468,0.04638608,0.0115549,-0.00060614734,-0.0041404017,0.0030006191,-0.08248679,0.003007847,-0.003177456,0.10296123,0.0,-0.006491854,-0.0046685617,0.022677245,0.0
0.012875482,-0.03225393,0.0005785795,-0.0007065944,0.033183087,-0.1626863,-0.024429305,0.074187435,0.012614502,-0.0011519593,-0.0035500326,0.0014920669,0.006785952,0.027583597,-0.00497872,-0.10777838,0.0,-0.0048862905,-0.0049293754,0.006531717,0.0
-0.0021082365,-0.008435552,0.0008336643,-0.0018948952,-0.047154617,0.09445718,-0.03568364,0.054446265,0.0133248875,0.0020575484,-0.005137917,-0.007485608,0.005997486,0.012550422,-0.0038098162,-0.068078354,0.0,-0.0003791318,-0.00700165,0.016752668,0.0
0.0066376356,0.056898333,-0.0053814854,0.00015852491,-0.040330436,0.18041976,-0.011998105,-0.044747967,0.012923876,0.009339843,0.0031759266,0.007165875,-0.011771152,0.00065833866,0.018227652,-0.05339601,0.0,0.0005614199,-0.0134042315,0.07682609,0.0
0.0050353734,-0.0096916165,-0.0027694677,-0.0071656113,0.0545894,-0.006275891,-0.011824566,0.021509241,0.009388042,0.012858962,-0.005793873,0.008282207,0.014758934,0.0063745687,-0.0045948178,-0.08079194,0.0,0.0010594545,0.0019061654,0.014981463,0.0
0.016514093,0.05205171,-0.004960839,-0.0068309125,0.018219214,-0.11044764,-0.036835615,0.010360566,-0.015251662,0.004157544,-0.0051829605,-0.014258869,-0.046004184,-0.006731884,0.004184061,-0.124143325,0.0,0.00087505474,0.0032376929,0.014716872,0.0
-0.0028753858,-0.008707953,-0.007506771,0.00088179903,-0.014831663,0.16417839,-0.0152931735,0.038880087,0.022928474,0.002748874,0.0153439175,0.002022415,0.0062449244,-0.0033886507,-0.0032020633,0.14054652,0.0,0.0048222844,0.008957204,0.0005769027,0.0
-0.012825941,-0.0072022807,-0.003496276,-0.0012674853,-0.045616224,-0.10103435,-0.01361156,-0.062189095,-0.027636291,0.0025276348,-0.007937663,0.0048466595,-0.0241552,0.021821322,0.009155188,-0.13539356,0.0,-0.013210285,-0.011135624,0.021639654,0.0
0.005291576,-0.0019691205,-0.0009016319,-0.0027156968,-0.03631321,-0.05135486,-0.0062455377,0.03823398,0.018142212,0.0087273065,-0.0034447517,0.0004920421,-0.051559247,0.012440855,0.009104259,-0.13006106,0.0,0.01042859,-0.01042084,0.014213873,0.0
-0.0059462395,-9.478828e-05,0.0042839143,-0.0030178328,-0.011617409,0.0118199615,-0.02262791,-0.008795973,-0.07053332,0.0023221918,0.0034622538,0.003087105,-0.01217361,0.0031211057,-0.01919739,0.074963175,0.0,-0.0029032761,0.003854369,-0.0033502416,0.0
-0.00066468585,0.00038056122,-0.012291606,4.1452353e-05,0.0067249117,0.032083884,-0.04005673,0.043480735,0.01908097,-0.0014503995,0.0038846645,0.009228389,-0.005212817,0.0031026746,-0.002616541,0.08066166,0.0,-0.0050877775,0.01284475,-0.0035535004,0.0
-0.005184033,0.0011189063,0.0068823127,0.0008211336,0.07066952,0.11788311,0.08691301,0.041168783,0.019941319,-0.006419854,-0.008298269,-0.0033585532,0.030313808,-0.0023081575,-0.005205489,0.35909083,0.0,-0.0019854864,0.0007349185,0.018720089,0.0
0.006895402,0.002706196,0.006683583,-0.0015963917,-0.038148627,0.036413107,-0.031124346,0.03526225,0.01953458,-0.0008220431,0.0054742303,0.0012928098,0.0068809693,0.0034801331,-0.0036916882,0.11126018,0.0,-0.002448986,-0.014213047,0.0034068404,0.0
0.014513794,-0.06135036,0.005110573,-0.0005024253,-0.034996323,0.20976084,-0.016593143,-0.09806074,-0.068683624,0.0077088336,0.019357026,-0.0044197473,-0.08632144,-0.031104917,0.00667242,-0.08942942,0.0,0.037985325,-0.010958958,0.03464034,0.0
-0.023456959,0.03163171,-0.004864577,-0.002513882,-0.022364436,-0.14467727,-0.08382462,0.0046991413,-0.031659365,-0.030598208,-0.006268156,0.017341694,-0.023423241,-0.017213704,-0.01638098,-0.2075486,0.0,-0.0018770762,0.005742137,-0.18187484,0.0
-0.0043528047,0.01693337,0.0018237237,0.0060270657,0.05400719,-0.016623383,0.051877785,0.05438592,0.03263341,-0.0063073197,-0.008040041,0.000602248,0.026151394,0.008687547,-0.005404976,0.40925822,0.0,0.0046082423,-0.0014532143,0.023494098,0.0
0.013554486,-0.0012394411,0.0152115915,0.0068897293,0.10073991,-0.009779156,0.073652394,0.06547802,0.05482064,-0.0027654339,-0.0061838743,0.0045808344,0.026807744,0.02315207,-0.003762388,0.42767498,0.0,-0.005534947,0.009752445,0.03219802,0.0
0.010818911,-0.010433095,-0.0032333883,-0.0011741638,0.0054970463,-0.096920736,-0.035705183,0.014912016,-0.016158683,0.008030193,-0.007149626,0.0023469096,-0.039158814,0.009868261,0.001749582,-0.12310699,0.0,0.000856807,0.005774793,0.011654712,0.0
0.010253161,-0.0147779165,0.025862828,0.0054554488,0.035139605,0.02493198,0.03105567,0.030479217,0.023319185,-0.005988207,-0.005194993,0.005288834,0.034787595,0.0039831623,-0.0037567897,0.10499662,0.0,-0.010989509,-0.0019016505,0.0020327428,0.0
0.0050134114,0.054812122,0.021964118,-0.009533932,0.08848286,0.27221102,0.11120466,0.022795564,0.0226662,-0.002261345,0.084242985,-0.0025317871,0.051343247,-9.359604e-05,0.003870605,0.47288713,0.0,0.016647108,0.005912381,0.040280007,0.0
-0.10399924,0.017474586,-0.0021973068,0.010271435,0.012253473,0.18232825,0.018503336,0.034253128,0.00857465,-0.0012400267,0.015699472,0.0067383447,0.026506372,0.00091280893,-0.0020619046,0.27734774,0.0,-0.00837904,0.007141801,0.009807508,0.0
0.020292945,0.0449491,-0.0066143293,-0.00075993227,0.008772483,-0.107111,-0.030788846,0.0035692363,0.007862174,-0.00078564096,-0.008729436,-0.0002419833,-0.046090547,-0.009020507,0.008453528,-0.13176835,0.0,0.005846381,0.0007547713,0.018350165,0.0
0.00038583312,-0.0014137945,-0.0075081196,0.011714933,-0.04329867,0.09789646,-0.020388313,0.042646892,-0.007360739,0.0031534147,-0.015779015,0.0036182634,-0.0032529884,0.0055296943,-0.0015794606,-0.066315025,0.0,-0.0062698848,-0.00723168,0.022124177,0.0
-0.00403273,-0.026576813,-0.0035947766,0.001968846,-0.00062378205,0.10800628,0.010824531,-0.057915214,-0.03301255,0.006703431,-0.006710853,0.01562889,0.02627194,-0.027446076,-0.013231645,-0.09819358,0.0,-0.009723983,0.005893743,0.013631357,0.0
0.041399572,0.07856713,-0.0028997606,0.0005864639,0.075289354,-0.12633497,0.0035053426,-0.019196844,-0.032474663,0.0060031284,-0.0034284042,-0.016878296,0.01718977,-0.0019918007,-0.0038864503,-0.13501294,0.0,0.0066077462,0.014840365,-0.025852922,0.0
0.017963866,-0.028883364,0.009041435,-0.0006777504,0.048206866,-0.102694325,-0.02573808,0.0022449687,-0.02436802,0.005446767,-0.0035004423,0.0105657065,-0.04483224,-0.0006504756,-0.0040784916,-0.14060952,0.0,0.0031741925,-0.0016216373,-0.03480177,0.0
0.0079123825,0.011393453,-0.0023599814,-3.0150386e-06,-0.018913833,0.18056348,-0.028201954,-0.0046235225,-0.017281124,0.007254298,0.020136824,0.0012163813,-0.051024072,-0.014102674,0.01545847,0.15256178,0.0,-0.004398616,0.005524902,0.037348047,0.0
-0.0074652308,0.046798978,0.006570894,-0.0034876051,-0.031724405,-0.038695022,0.032324884,0.022502983,0.023160785,-0.0018864207,-0.0040319855,-0.0061761504,0.023391573,0.011710884,-0.0046790685,0.13607213,0.0,-0.033760387,-0.014501743,0.000790845,0.0
-0.0016097781,-0.026487328,-0.0012495575,0.00027009158,0.026809521,-0.13832054,-0.038041074,-0.0029114038,0.016807962,-0.0029471936,-0.0052639656,0.0062389597,-0.016697105,0.013359821,0.020953346,-0.13673843,0.0,0.0038562499,0.004519588,0.0489589,0.0
-0.013549447,-0.00059293717,-0.003267131,-0.0013569897,-0.036157265,-0.17907676,-0.011336182,-0.1549528,-0.029624006,0.0381941,-0.011946977,0.008973561,-0.08723236,-0.023526635,-0.022400295,-0.21962775,0.0,-0.010610495,0.0012580949,-0.19348411,0.0
-0.0076159034,0.011578622,-0.0022479503,-0.0031735734,-0.044439092,-0.047696825,0.0038095734,-0.06535598,-0.034346476,0.01210064,-0.005645706,0.007549381,-0.013326595,-0.001825942,-0.0040380605,-0.16235162,0.0,0.01382265,-0.0048235017,-0.13973941,0.0
0.021445159,-0.020480398,0.010276507,0.010798326,0.009650075,-0.047056634,-0.082930684,-0.0051533156,-0.026255677,0.004194884,0.004727574,-0.0019407691,0.009396633,0.00020486799,-0.004719605,-0.106346585,0.0,0.0034523287,-0.0036295755,0.024310872,0.0
0.004232644,0.074381314,-0.013640964,0.00030275647,0.05333108,0.23018709,0.023311773,-0.013245422,-0.038731705,0.01655795,-0.0047100917,-0.009312684,0.014087006,0.006394354,-0.034027744,-0.13634688,0.0,0.009175917,0.0023936213,-0.14418373,0.0
0.008777015,0.013656459,-0.000583307,-0.003139357,0.024095464,0.14499354,0.0035581058,-0.010491185,-0.02853905,0.0069738105,0.020805325,0.004785022,-0.00939948,0.005969186,-0.00010043843,-0.1536612,0.0,-0.013064232,0.014848762,-0.05643207,0.0
-0.006073767,0.01465034,-0.0023409375,-0.0010497131,-0.018973295,-0.09901285,-0.012855759,-0.10595085,-0.018907309,0.041861173,-0.0030088215,0.010569707,-0.0009491916,-0.0114723,-0.011423027,-0.18763869,0.0,0.016990036,-0.0064152833,-0.18156604,0.0
-0.007946049,-0.016116465,-0.0072183213,-0.0014861262,-0.07656122,0.10668463,-0.022973487,0.014214352,-0.019721624,0.0037753314,0.012580005,0.020530494,-0.045187365,-0.034665722,0.003216387,-0.15309928,0.0,-0.007688204,-0.014169,-0.046435174,0.0
-0.0035161097,0.045629807,-0.0071653808,-0.0051228935,0.088212535,-0.069636494,0.015590304,-0.0040636277,-0.022713296,-0.012104034,-0.0036603273,-0.01749372,0.00046651994,0.025003294,-0.012619002,-0.16539867,0.0,0.0010389859,0.010494187,-0.21766104,0.0
0.019508382,0.00035050558,0.0043626395,-0.005302512,-0.041600995,-0.04287839,0.03350938,-0.037739463,-0.040162943,-0.00048362318,-0.0024997732,-0.0012147313,0.011965695,-0.004585631,-0.0064041917,-0.10287543,0.0,0.002121425,-0.008827955,0.020063858,0.0
-0.018507984,0.034899306,0.002906656,-0.0008703464,-0.012256047,-0.18153442,-0.11410318,-0.091962,0.020180345,-0.0033903758,-0.009032258,-0.0048311576,-0.06526966,-0.049168117,0.013179531,-0.19206284,0.0,0.0028928288,0.0024166226,-0.01767699,0.0
0.012722478,0.0116454,4.022439e-05,-0.0022693186,0.011503722,-0.08035403,-0.008979372,0.0026586277,-0.016277976,0.007508611,-0.0053324345,-0.0022449496,-0.06329491,0.001916165,0.0026722592,-0.1271592,0.0,0.010511864,0.011116011,0.01315466,0.0
-0.0014015948,0.010547301,0.0011461425,-0.0023484528,-0.037573557,-0.08488606,-0.027195184,0.06778492,0.031522833,0.00010282111,-0.0028066454,0.0031792542,-0.024265544,0.002038014,-0.0035918306,0.25478983,0.0,0.0003950693,-0.016909765,0.017660432,0.0
0.0031513767,-0.019435162,0.0038084744,-0.0017354878,0.04444953,-0.1141431,0.00512003,0.031404555,-0.019970233,0.00079814915,-0.0033250353,-0.008572246,0.028254803,0.0061802636,-0.00320929,-0.12521778,0.0,0.0055745402,0.018202715,0.022804914,0.0
0.011505153,-0.006358867,-0.005573329,0.0069738855,0.10918145,0.002641931,0.01874122,0.075971015,0.0511404,-0.00529876,-0.0040252325,0.005354344,0.027834302,0.009477641,-0.0032567559,0.32221812,0.0,0.002289804,0.0090858685,0.032515146,0.0
0.005029997,-0.033557117,0.006835351,0.0018705033,0.013713258,0.050191768,0.015861193,-0.011956548,0.017218668,-0.0051943064,-0.0058174105,0.004416048,-0.021381604,-0.022635013,0.0066989223,-0.14621669,0.0,-0.0029890952,0.012248414,0.013005341,0.0
0.01701156,-0.0021614444,-0.005438333,-0.0037390164,0.0052215946,-0.051553372,-0.02537053,0.0044841203,-0.029772604,0.0046121553,-0.004829997,0.009088434,-0.030335281,-0.0089992,-0.001474145,-0.13627145,0.0,-0.009096542,0.0011571859,-0.018599084,0.0
-0.000476699,-0.026643531,-0.008182974,-0.00042099596,-0.08280224,0.1034062,0.010662525,0.0107442895,-0.046697482,0.011768281,-0.009111823,-0.01356569,-0.045767598,-0.051901586,-0.03075891,-0.18433484,0.0,-0.0043520886,-0.011744864,-0.098830804,0.0
0.008528252,-0.0058801654,-0.007377197,0.017733576,0.0014970615,0.115257666,-0.014788648,0.043345205,0.0156244105,0.0073428536,0.006665285,0.008378021,0.008351841,0.00903305,-0.004372194,0.11058057,0.0,-0.0068662963,-0.0037486022,0.0009040736,0.0
0.0065577854,-0.013358629,0.012285594,0.009954212,-0.034790326,0.2220452,0.04886426,0.078766726,0.028321227,0.0010556058,0.00495691,-0.0042857537,0.059520904,-0.00052230863,-0.001819444,0.384407,0.0,0.0025587692,-0.008569329,0.021644726,0.0
0.011292629,0.037468627,0.029871473,-0.0034244985,-0.012242756,0.22690341,0.062997915,0.03648065,0.029802958,-0.0015224015,0.007932473,-0.008624602,0.05824875,0.015136689,-0.0046664947,0.4899593,0.0,-0.0076214457,0.0061557633,0.0334335,0.0
0.0055010547,0.040509652,-0.009041124,0.003915432,-0.033591192,0.25081122,-0.008388624,-0.020408746,-0.07795852,0.0010193133,0.012269019,-0.012777174,-0.028860383,-6.87408e-05,0.024809267,0.10254353,0.0,0.006818353,-0.019252531,0.040366463,0.0
-0.009353916,0.015459974,0.024585834,-0.002370534,0.0589921,0.072992556,0.06343352,0.027052853,0.017907033,-0.0019717806,-0.006839093,-0.0029143435,0.023280166,0.003147487,-0.004691367,0.42458302,0.0,-0.0019326716,-0.0025904942,0.020179974,0.0
-0.011353236,-0.03953309,-0.0033491722,-0.0011598719,-0.052330535,-0.15725693,-0.036499947,0.01632673,-0.027868073,0.0014955625,-0.005993147,0.02157111,-0.06822529,-0.025249377,0.007139911,-0.14933701,0.0,0.004041621,-0.007901529,-0.04608704,0.0
-0.0020515944,-0.04136189,0.0019942557,-0.0016638818,-0.065258585,0.08963485,-0.018095076,-0.031049108,-0.035430375,0.008342866,-0.010070818,0.019405529,-0.057855565,-0.0387227,0.0010735098,-0.14789079,0.0,0.014699724,-0.008895714,-0.06700769,0.0
-0.021074371,-0.054966934,0.002829742,-0.0015583341,-0.025104424,0.113598034,-0.030631622,0.015179225,-0.019074483,0.008060919,0.0053117634,-0.004789121,0.00024768666,0.0071311565,0.005391223,-0.070942,0.0,-0.009509132,0.0062037054,0.015377272,0.0
-0.004140318,0.003265663,-0.003067331,-0.0078029344,0.015577795,0.23772043,0.077277415,0.014393591,0.019110275,-0.0031249893,-0.009724741,-0.0016405248,-0.030257525,0.0007747548,-0.006975964,0.33428547,0.0,-0.0013618114,0.003666721,0.024088627,0.0
0.0021605426,0.04903554,0.0013696589,-0.0016268383,-0.07558028,0.08657034,-0.013575772,0.0041823485,-0.043130886,0.015272428,-0.0062066964,-0.00811114,0.01357575,0.01960253,-0.032533873,-0.19477443,0.0,-0.0036256202,-0.01770018,-0.12058857,0.0
-0.01644971,-0.0042842086,-0.0021832467,0.00019710738,-0.035779458,0.076488055,-0.015149826,-0.016170278,-0.04934488,0.0063798004,-0.011085223,0.008093657,-0.070130266,0.0017097422,-0.008978473,-0.121793,0.0,-0.004940455,0.008037773,-0.054768693,0.0
-0.003534833,0.018923681,0.0086492,-0.0025187016,0.020279253,0.03368426,-0.014545699,0.029348534,-0.0043040924,-0.0021509265,-0.008735683,0.005402402,-0.016530005,0.0018616411,-0.007010419,0.072184354,0.0,0.0051961984,0.0026439673,0.0076316264,0.0
-0.010618599,-0.012260617,0.0028271966,-0.00088126905,-0.052396417,-0.03961547,-0.031956732,-0.032002006,0.010464619,0.001992686,-0.004711061,0.0054988535,-0.041193977,-0.011574912,0.003969277,-0.14694747,0.0,0.0004041965,-0.0037737363,0.022768429,0.0
0.004842449,-0.039694164,-0.006160993,-0.0045055286,0.00945778,0.09412011,-0.026942542,0.05092671,0.022618419,0.0044952533,0.009910916,0.00459245,-0.005193396,0.012663806,-0.0056993254,-0.061947804,0.0,-0.005464294,0.018053818,0.0099439975,0.0
0.012933619,-0.015525312,0.0024607372,0.0007973982,0.020813573,-0.05319458,0.03006932,0.014688336,0.0032210164,0.00048761844,-0.003188391,0.00017762903,0.007619485,-0.0017102435,0.02315974,-0.1347443,0.0,0.0060511758,0.0065211016,0.04701289,0.0
0.0040761516,0.003945856,-0.006854528,-0.0009625687,-0.05182137,-0.096746184,0.012674163,-0.021557458,-0.032985013,0.0015410972,-0.0028464869,0.005586737,0.0031975755,-0.0035838836,-0.0045317183,-0.14901264,0.0,-0.005920139,-0.003281391,-0.03090139,0.0
-0.025747782,0.010374551,-0.0012092377,-0.0015640341,0.0015272518,-0.10914173,-0.02831126,0.007050183,-0.012746946,0.0042044898,-0.0040855985,-0.0042500813,0.011986728,0.018021673,-0.0059867045,-0.13213776,0.0,-0.012752586,-0.007901419,-0.039997127,0.0
0.0006219612,-0.058314778,-0.00011362694,-0.0007106282,-0.02924735,-0.045124564,-0.038385075,-0.020127306,0.000992647,0.0041315644,-0.0010235887,-0.002097064,-0.0330183,-0.00785093,0.014724364,0.10664571,0.0,0.006892949,0.0014212213,0.048722766,0.0
-0.020181147,0.005234225,0.002567677,-0.002588425,0.047851894,0.106974795,-0.06104395,0.027433118,0.010063351,7.339204e-05,0.01146538,0.005299929,-0.025467291,0.003168329,-0.0030168074,0.22305088,0.0,0.0035075021,0.009952274,0.020323899,0.0
-0.0059404313,-0.007919128,-0.014341157,-0.0028380007,-0.03778566,0.053395554,-0.015782144,-0.045189574,-0.06694867,0.009726653,0.005482311,-0.011045099,-0.012977317,-0.017289875,0.012454205,0.084624626,0.0,-0.004113766,-0.008174124,0.042038687,0.0
0.0060261637,0.02646884,0.0031572653,-0.0031164945,0.0687894,0.02442279,0.062335182,0.017938295,0.014414023,-0.005066665,-0.0100417305,-5.6255107e-05,0.019009255,0.0047265906,-0.005131432,0.337685,0.0,-0.0015708377,-0.0074581574,0.024907855,0.0
-0.0110408235,-0.043339282,0.0012187916,-0.0020041028,0.04667608,-0.0023550354,0.032323617,0.049030915,0.030374318,0.0011823149,-0.0052088313,0.016337842,0.012200754,0.00114897,-0.010230034,0.11339784,0.0,-0.0050632404,0.004078485,-0.0017291,0.0
-0.0073475237,-0.015171423,0.00831041,0.0019406261,-0.030753005,-0.043582328,0.04907802,0.0511621,0.04583239,-0.0034166777,-0.0024410083,0.0063923905,-0.0066316663,0.005553713,-0.0051349616,0.11515056,0.0,0.0009822256,-0.005284729,0.0032141167,0.0
-0.017402925,-0.05846685,-0.0012473526,0.0010743908,-0.03669045,-0.118541315,-0.11191408,0.0107222935,-0.021211749,0.0050809034,-0.02164139,0.0002864302,-0.034747683,0.0029416727,-0.0019585674,-0.16266978,0.0,0.0051474264,-0.0044335146,-0.07414426,0.0
-0.026233891,-0.04380644,0.003940398,0.00073756796,0.022872131,-0.067290425,-0.051917575,-0.0012159199,-0.012918373,-0.0011144022,-0.004239654,0.011864234,-0.0016285364,-0.006468271,-0.0019177874,-0.14355387,0.0,0.00023549474,0.008662682,-0.026110895,0.0
-0.01149339,-0.02726587,-0.0039824396,-0.0003046044,-0.036014684,-0.06642557,0.003911001,-0.092089,-0.021582782,-0.00034907516,-0.009028607,0.011558488,-0.03392722,0.010932116,0.010491471,-0.13569161,0.0,-0.0018213703,-0.00760325,0.02000978,0.0
0.017532859,-0.0074587613,0.01098714,-0.0029689653,0.0045616403,-0.06335877,-0.019532854,-0.062504835,-0.025788415,0.003840328,-0.0065573473,-0.004809034,-0.03937678,-0.0059129526,0.014358725,-0.13679306,0.0,-0.0022149645,0.0044764415,0.026273556,0.0
0.005172874,0.017361345,-0.0021477775,-3.156222e-05,0.008267307,-0.08985299,0.004935948,0.016570874,-0.015685368,0.0072439723,-0.0035701294,0.0021600146,-0.023302905,-0.002951961,0.0033990883,-0.0770213,0.0,0.014497432,0.0066144317,0.043083474,0.0
-0.005113608,-0.027521225,0.0032307177,-0.0033586293,0.019871218,-0.04146596,0.028471835,0.07425689,0.02216328,-0.0027787802,-0.003510882,-0.00089682057,0.021790776,0.014978385,-0.004087002,-0.10271442,0.0,0.0025914293,-0.0031799634,0.014958471,0.0
0.0042277533,-0.04733072,6.278836e-05,0.0018815625,0.03811179,0.14364423,-0.002534229,-0.0131405005,0.015884483,0.008065164,0.015758192,0.012120577,-0.019982204,0.0021364433,0.013691387,-0.15685941,0.0,-0.0019211698,0.0056551322,0.048177302,0.0
-0.00087003194,-0.07435256,-0.0012673313,0.0005077048,0.05224603,-0.05123049,-0.025519144,0.048028797,0.021453867,-0.0023208333,-0.003683881,-0.0016895328,-0.012297481,0.003996248,-0.004692819,0.26338214,0.0,-0.0013798281,0.0045184535,0.019637072,0.0
-0.0090211015,-0.0012869502,-0.0101560885,-0.00019570463,-0.04907167,-0.019077575,-0.04173081,-0.06815767,-0.023095682,0.03981488,-0.00888926,0.007298478,-0.024658684,-0.01936788,-0.010108454,-0.17281213,0.0,0.008413539,0.0045672455,-0.102035835,0.0
-0.0009124324,-0.081957765,0.0011505043,-0.00025088823,0.00066700956,0.056138773,-0.10935095,0.034796562,0.013324683,0.004681521,-0.00037710756,0.002857099,-0.05622727,-0.0015261194,-0.0041202498,0.19851686,0.0,-0.012128874,-0.00823806,0.023737311,0.0
-0.012685447,-0.0119929,0.0006616867,-0.0014617662,-0.046498783,-0.06806691,-0.024142034,-0.0675728,-0.030090503,0.010058226,-0.0062315483,0.007395595,-0.05099588,-0.03186349,0.008715765,-0.16602099,0.0,0.0010258172,0.003507624,0.011467002,0.0
-0.0037581308,0.098604895,0.0027030262,-0.0022622081,0.011603236,0.021156168,0.021102788,-0.0039944807,-0.08242422,-0.0056007896,-0.004038621,0.0020198044,-0.0003557317,0.0013997057,-0.017418962,0.050975073,0.0,-0.005964558,0.00546433,6.6771216e-05,0.0
-0.012614124,0.0492037,0.008916844,-0.0032546043,0.0043841703,-0.033144172,-0.060001373,0.039878663,0.007877734,0.00061500643,0.0013509496,0.0027614878,-0.015131828,0.005713499,-0.0071124076,0.07050135,0.0,-0.0019980038,-0.0064520687,0.0012914157,0.0
-0.016797613,0.019501597,-0.001601279,-0.0013552987,0.01155455,-0.09291952,-0.04324603,-0.08830583,0.0087470785,0.0038517043,0.008333609,-0.007617495,-0.012379621,0.00254012,0.0066189724,-0.15988173,0.0,-0.005265388,0.001965779,0.023021413,0.0
0.015802152,-0.019536654,-0.0016172396,0.0030001665,0.029615454,0.19787948,0.04915531,0.035813175,0.010674506,-1.7534552e-05,-0.009045051,0.0026242137,0.045973267,0.0018231372,-0.003357239,0.35485274,0.0,-0.004075339,0.0012378744,0.019467501,0.0
-0.0018221946,-0.0070009,0.003005359,-0.0022075651,0.005092313,-0.07687931,0.024651635,0.045130383,0.021155225,-0.0031053137,-0.0049881325,0.0014968035,0.0013073442,0.0011477846,-0.006543753,0.10779033,0.0,0.00029901983,0.0029646906,0.005521441,0.0
0.0069219666,0.0087449625,-0.0035799413,-0.0018142918,0.0068719108,-0.097441345,-0.015886245,0.0079835635,-0.023883652,0.009143703,-0.004315838,0.0025621413,-0.018296238,0.0017576906,-0.002656904,-0.12602808,0.0,0.0060289768,-0.0048196446,-0.03369609,0.0
0.009015956,0.0028522143,0.0013765048,-0.0015981504,0.0055913418,0.13838927,-0.0337194,0.035168793,0.013866767,0.0015524465,0.011388972,-0.00017183801,-0.01150481,0.0046696,-0.0010168912,0.25124395,0.0,-0.0099599175,0.0118471645,0.022141546,0.0
0.012356097,-0.011942645,0.00877648,-0.0026863897,0.018961262,-0.063166596,0.0029578968,-0.008505642,-0.021183273,0.001914668,-0.0034089116,0.0016867382,0.006088306,-0.00034070434,0.009302491,-0.124252826,0.0,-0.012247915,0.0057743676,0.017588805,0.0
-0.00069053966,-0.018613502,-0.004666412,-0.00057985657,-0.002281594,0.08703819,-0.0016652176,-0.033324618,0.025906084,-0.0012556411,-0.0071115876,-0.0022099945,-0.057495546,-0.019399313,-0.0021504553,-0.1156552,0.0,-0.008250948,0.0137991775,0.023505561,0.0
0.0251331,-0.0022079789,-0.0029927604,-0.0021764867,0.003850502,-0.13040523,-0.033600636,0.0117708035,-0.027236992,0.010208099,-0.0068317926,0.009129439,-0.054620624,-0.0015688931,-0.0032494867,-0.13987944,0.0,0.0144748315,0.005482087,-0.037793845,0.0
0.012603595,0.007158383,-0.00039030684,0.009255457,0.00502363,0.17643522,-0.009209556,0.014703732,-0.016888488,-0.00024031548,0.027229292,-0.017770916,0.041220233,0.0051124287,-0.00037307202,0.1298272,0.0,-0.008654096,0.0034684315,0.00451747,0.0
0.0057433913,0.0027324094,-0.0011828779,-0.000887342,-0.027361741,-0.028361766,0.029567685,0.036690336,-0.02944768,0.0077600754,-0.003007552,0.0064171837,0.012220293,-0.0015207441,-0.009191164,-0.067679055,0.0,-0.00024163813,-0.007252289,0.027991809,0.0
-0.009446265,-0.017455997,0.0065693813,-0.0022857145,0.005591573,-0.087595426,0.0052683293,0.024408162,-0.030605549,0.02164175,-0.0049363887,0.009177329,-0.07574042,-0.015990097,-0.0022435165,-0.15080778,0.0,0.011601002,0.013704906,-0.13509049,0.0
-0.0067860354,-0.035184525,-0.0026013113,0.01793067,0.013462361,0.05151603,-0.034388162,0.04303376,0.019045638,0.0031309552,-0.005607726,0.0056848787,-0.0002446978,0.022353465,-0.007355221,-0.07078794,0.0,-0.004822219,0.012551578,0.016851222,0.0
0.0055051395,0.057535205,-0.021130973,0.0016963186,-0.011807041,-0.102491245,0.023943596,-0.041070458,0.014068636,-0.011217066,-0.0031203015,0.024692288,-0.025812212,-0.008458265,0.00867302,0.1421013,0.0,0.0051087,0.016994437,0.04490035,0.0
0.008095813,-0.00047514445,0.017453086,-0.010303989,0.06450847,-0.0071229194,0.024302242,0.07905709,0.044983987,-0.0046055852,-0.005067302,-0.0032658293,0.02147306,0.008036076,-0.0036203177,0.30291426,0.0,-0.0020822303,-0.00014497785,0.027730398,0.0
-0.007846263,-0.02983365,-0.01597156,-0.0058264593,-0.028929768,-0.050152227,0.02451087,0.065372735,0.052519053,-0.0014078249,-0.0033595874,-0.007684974,0.018046137,0.0030904072,-0.004807259,0.10257857,0.0,-0.002336384,-0.0044284556,0.0027972586,0.0
0.0070697423,-0.01886731,-0.0074781035,-0.012009891,0.024405608,-0.06375096,0.0026009108,-0.008137938,-0.024049062,0.007972415,-0.0026486886,0.008482444,0.036080685,0.0034204815,0.0039565777,-0.14459111,0.0,-0.00045413114,-0.0055022435,0.019280815,0.0
0.011179037,-0.016910246,-0.0032352135,-0.0018978067,-0.018689137,-0.04299843,0.027964434,0.00645949,-0.026214259,0.01613135,-0.0051707425,0.008059257,-0.028997092,0.0005788256,-0.004411026,-0.15602686,0.0,-0.0025661034,0.0065934975,-0.135174,0.0
0.0019156054,-0.009858133,-0.0025298446,-0.0013924815,-0.07517247,0.03900125,0.0019657337,0.0062669115,-0.011042103,0.0064659924,-0.0046602716,-0.015312311,0.008910776,0.0071473527,-0.0014080694,-0.14255819,0.0,-0.00031793583,-0.018869808,-0.05988518,0.0
0.012254649,0.05748168,-0.003166535,0.0003606189,0.045680825,-0.09804661,-0.035837583,0.0004276243,-0.010507763,0.008441681,-0.00466112,-0.0002469773,0.003933923,0.0045126434,-0.00020929656,-0.12277554,0.0,0.0033111216,0.014766983,-0.025165917,0.0
-0.0017380452,-0.01881857,0.0016034824,-0.005006025,0.019909272,-0.08108042,-0.0041101975,0.06143421,0.031873878,-0.008319236,-0.0037215564,-0.004447249,-0.0024401834,0.0021536688,-0.0073094326,0.2744154,0.0,-0.0026269227,0.0020882245,0.017293185,0.0
0.0021077015,0.022388455,-0.011505693,8.3483654e-05,0.07547489,0.08318377,0.015442111,0.007037001,-0.019358158,-0.0022375244,-0.004567379,-0.0050481395,0.014935348,-0.008629878,0.0055739344,-0.11531687,0.0,-0.0028957364,0.003972046,0.0046640746,0.0
-0.008235932,-0.023154909,-0.0025988242,-0.0013266703,-0.032052387,-0.083564594,-0.03752211,-0.035687435,-0.031778622,-0.0023060984,-0.0033384978,0.010987371,-0.04662442,-0.0032684836,0.0013900205,-0.15772595,0.0,0.0015550875,-0.003638984,0.027004644,0.0
0.0038449932,0.0074412622,0.0007505342,0.0015869121,-0.049450472,-0.0453798,0.030169781,0.07925018,0.042823706,-0.0009289358,0.0017847102,-0.004885063,0.0042090993,0.0011516798,-0.006055216,0.27510098,0.0,0.0035402544,-0.010480063,0.019972386,0.0
0.01086304,0.06849599,0.00042686268,-0.0028802953,0.009109134,-0.062390253,0.021256832,0.006051997,0.009639215,0.004267143,-0.0059334734,0.0015719534,-0.043209217,-0.01186259,0.010683085,-0.106747836,0.0,0.0040496397,0.003930625,0.05604107,0.0
-0.004740401,-0.015320113,-0.0026269085,-0.0011912741,-0.027307872,-0.06398877,-0.0195938,-0.080092795,-0.034965493,0.02252391,-0.0036293834,0.0044477307,0.019795258,0.027599461,-0.012120906,-0.15837249,0.0,0.0026255774,-0.0030861439,-0.1218146,0.0
-0.00560097,0.014667423,-0.0007944152,-0.0012979116,-0.04769004,-0.12250566,-0.0442031,-0.0648188,0.01650709,0.010283362,-0.0073873936,0.0013900115,-0.026135458,-0.0022228297,0.0056579467,-0.16552651,0.0,0.0015643557,-0.011333533,-0.029055074,0.0
0.008670838,-0.028296655,-0.0029937478,0.0037461247,-0.0059903185,0.10462098,-0.029236425,-0.011969895,0.0068034325,0.0030518344,0.0069055418,-0.0053913,-0.001329045,9.877152e-05,0.01592337,-0.08480788,0.0,-0.008903425,0.016398963,0.04245483,0.0
0.0130857425,0.004902415,-0.0015571833,0.0004914905,-0.039022174,-0.042299252,-0.026031911,-0.118954435,-0.031017622,0.005472893,-0.010526767,0.0138166305,-0.008689804,0.010111975,0.012249379,-0.14597407,0.0,0.008099179,-0.0031740982,-0.035498027,0.0
-0.0066499063,0.010994959,-0.0050162296,-0.0009361734,-0.054859053,-0.11376231,-0.02487749,-0.04256884,0.027111521,0.0006404998,-0.005276405,-0.011558946,-0.027406173,-0.008254324,0.014880614,-0.15092309,0.0,-0.0027727818,-0.0078060157,-0.0037642093,0.0
0.010829125,-0.007449892,0.00134005,-0.0022713367,0.0074579194,0.07990469,-0.027119251,0.051651236,0.022271633,0.0029172946,0.00807518,4.827224e-05,0.005084053,0.007385202,-0.0017232171,-0.07545176,0.0,-0.0012658755,8.943747e-05,0.009850082,0.0
-0.0024778836,-0.03465085,-0.0035515733,0.00066915737,0.0028081185,-0.15532924,-0.036381435,0.0063583273,-0.02827444,0.0012425631,-0.004416564,0.0016070732,-0.055275947,-0.0025810334,0.001632064,-0.12535167,0.0,0.0016938432,0.0034707466,0.03641948,0.0
0.015432235,0.07760724,-0.003393592,0.0029493838,0.09480256,-0.071196,0.034045555,-0.0104890475,-0.024230648,0.0063368604,-0.0055772197,0.0034689459,-0.020848697,0.0055459985,0.009911746,-0.11319991,0.0,0.004562489,0.0051503703,-0.03792994,0.0
0.016275603,0.0020162733,0.0056610703,-0.0019716108,0.024939174,0.05676048,-0.069907345,0.029648894,-0.0016562757,0.0011934624,0.007496784,0.0027540422,-0.019652884,-0.0038867877,-0.0026138548,0.22771849,0.0,-0.003042642,0.004121253,0.023710545,0.0
-0.0028975522,-0.008322815,0.002684677,0.0016043573,-0.026941549,0.05139561,-0.024674997,-0.068954535,0.011274706,0.008483139,0.0033846875,0.005526652,-0.0026598568,0.021729084,0.021974856,-0.0688831,0.0,-0.002331017,-0.004611339,0.036603246,0.0
-0.0033778483,-0.005865816,-0.0010531241,-0.0013200077,0.004436276,-0.056153446,-0.0027831674,0.0850741,0.03609312,-0.0025474702,-0.0020582448,-0.0013336097,0.014111051,0.0040366817,-0.0015977467,0.11062661,0.0,0.00531752,0.0075853993,0.005602819,0.0
0.01055059,-0.0048768767,-6.588502e-05,-0.0013006302,0.03285932,-0.13009538,-0.015973367,0.045390077,0.005947571,8.0158876e-05,-0.0029739575,0.0018520692,0.02504111,0.0029135481,0.008166103,-0.11640981,0.0,0.0051547317,-0.00066639564,0.027582496,0.0
-0.004546786,0.030978024,0.0007897706,-0.006500415,0.08364076,0.13991928,-0.0041600484,0.019646857,-0.029849278,-0.002193046,-0.008180223,0.0031799218,-0.007550069,-0.00042809956,-0.0037109398,0.105428375,0.0,0.005290453,0.002449511,0.008084102,0.0
-0.0038786263,-0.017131353,-0.0038934292,-0.0023302531,0.011380565,-0.10845379,-0.033044014,0.013696388,-0.022543268,0.00011766622,-0.0067005246,0.005061363,-0.08125303,0.016901378,-0.006478591,-0.12277628,0.0,0.0026230994,0.006579916,0.006819358,0.0
0.0014334981,-0.0016634719,-0.0015585843,-0.00016150496,-0.03232655,-0.1854921,-0.040110048,-0.07778767,0.009751301,0.0016920897,-0.006743927,0.00047494168,-0.0053016325,0.039460383,0.020535382,-0.13949388,0.0,-0.0038009838,-0.004620771,0.044490922,0.0
0.015957909,0.0040304754,-0.016529499,0.0013754491,-0.040029377,0.22405675,0.02000773,-0.010686076,0.02599207,0.0013488035,0.0096948445,-0.004067463,0.00053604814,-0.022679407,0.01784456,0.13077644,0.0,-0.017234722,-0.0075511523,0.05199218,0.0
0.011602951,-0.001958664,0.0029453957,-0.00062323245,-0.0072497833,0.04225126,-0.033901043,0.029351551,0.015956117,0.0006483149,0.0051745195,-0.00065387477,-0.027356017,-0.0055543445,0.017013092,0.09322353,0.0,-0.0037610587,0.01825704,0.02222705,0.0
-0.014986821,0.021250641,-0.0046824813,0.009984379,-0.035741452,0.19870242,-6.915863e-05,0.041973695,0.033454724,0.00035191182,0.0141627705,-0.004325224,-0.011468037,0.0026456385,-0.0022396646,0.38824207,0.0,0.01644959,-0.008696744,0.026529321,0.0
0.0039439155,-0.021386039,0.005778863,0.009162847,-0.008105361,0.117312774,-0.018695498,-0.017957946,-0.025719129,0.0028675555,0.004131497,-0.0017888932,0.010175823,0.008651508,0.003294315,-0.0930692,0.0,-0.009771733,0.011707758,0.017180279,0.0
0.03677009,-0.02897062,0.001657695,-0.0012419499,0.11395808,-0.06381549,-0.030632555,-0.06947342,0.013419784,0.0068212347,0.0014702978,-0.0043174466,-0.06348235,-0.032531306,0.009324491,-0.16321471,0.0,0.0040229997,0.0023109776,0.023322187,0.0
0.02290443,-0.011212756,0.0024188966,0.017372798,0.009642066,0.021022715,0.03720363,-0.0076619443,-0.045913983,0.00044246358,-0.012676636,0.0037352464,-0.05734925,0.019585304,-0.0051212646,-0.09632544,0.0,-0.0007864877,0.006952341,0.021626787,0.0
-0.013985293,0.023735806,-9.831814e-06,-0.0010403673,0.04025584,-0.10002168,-0.003334368,0.037023332,0.0014838838,-0.0024425965,-0.0038957489,0.005537392,0.028305747,0.003094064,0.01131265,-0.12109309,0.0,0.021409787,0.01378413,0.022400314,0.0
-0.011092816,-0.030807763,-0.00075371657,0.000402021,0.027523737,-0.10049072,0.011613531,0.02182596,-0.0141701875,0.00039596783,-0.006026804,-0.002724222,0.020001313,0.004862904,0.014249964,-0.12743594,0.0,-0.0007213094,0.00494948,0.020597989,0.0
-0.020987382,-0.03756408,-0.004086404,-0.0006563382,-0.037515618,-0.15091482,-0.017198138,-0.00039562082,-0.03515274,0.004626544,-0.0038398132,0.017714664,-0.052681603,-0.009584801,-0.0016033293,-0.15334651,0.0,-0.01246934,0.0070236917,-0.03479684,0.0
0.0044666743,0.0668137,-0.01303782,-0.0005077018,-0.05569787,0.08799316,-0.025094053,0.02287625,0.0122546125,0.0030065204,0.010431616,0.008635992,-0.059295997,0.019996619,0.005071702,-0.16053122,0.0,-0.012977061,-0.015937487,-0.04869619,0.0
0.0067862375,0.005132155,0.0031109685,-0.0007732484,-0.0281448,-0.03524133,-0.037201047,0.016144022,0.0069666225,0.007124532,-0.009857973,0.013229372,-0.015293242,0.0007552038,-0.004823148,0.10443454,0.0,0.004652146,-0.0065394277,0.009133692,0.0
0.02179119,-0.029016526,-0.001245587,-0.0012387468,-0.0017540001,0.043402378,-0.014991899,-0.043032836,-0.015616979,0.007563325,-0.011208097,0.011491424,-0.029912837,-0.0168876,-0.0027105305,-0.14662366,0.0,-0.006565934,0.004988926,-0.054658417,0.0
-0.0056331945,-0.045365516,0.010501536,-0.001153814,-0.03548909,-0.1916783,-0.06731124,-0.08854564,-0.025960777,0.0010822184,-0.0053701103,0.010064848,-0.033224605,-0.050281808,0.005630746,-0.1827991,0.0,-0.000597634,-0.0050120605,0.02497175,0.0
0.010425659,0.011904983,0.0025878863,0.0005111092,0.029478645,-0.056304015,0.021132188,0.0076827323,-0.016302336,0.006390366,-0.005421368,0.008966418,-0.023714053,-0.002202975,-0.0033382974,-0.111790046,0.0,0.01385705,0.0063621476,-0.017989803,0.0
-0.007825774,-0.02952783,-0.00440924,-1.4816927e-05,-0.0008065488,-0.099428095,0.004085944,0.026242832,-0.020569494,-0.00090948946,-0.008267839,-0.0025438643,0.0075788903,0.0015094648,-0.002946566,-0.08662001,0.0,0.0043344214,0.007394445,0.024942422,0.0
0.023594303,-0.038624324,0.0010960668,0.0009833446,0.001732845,-0.08476018,-0.026836812,-0.04945051,0.030315645,0.004662567,-0.006281472,-0.00039779686,-0.038491655,-0.020036941,0.010686654,-0.1266133,0.0,-0.0002738232,-0.0073604067,0.044785187,0.0
-0.035867043,-0.06263102,0.0004053436,0.000916686,-0.019751137,-0.07168234,-0.10733197,-0.009261704,-0.012219214,0.0057793176,-0.003013137,-0.003533521,-0.07450689,-0.0042068344,0.018925332,-0.15706287,0.0,-0.0028015615,0.01271646,0.017419778,0.0
0.0026617623,-0.012044887,-0.0017424901,-0.0007260896,-0.0054658693,0.08994729,-0.027004505,0.04860214,0.0039291303,0.0024064097,-0.008748624,0.0015730478,0.002701561,0.010029857,-0.005052325,-0.06808546,0.0,-0.007920251,0.010663639,0.021653896,0.0
0.009379422,0.0016327559,0.0049783057,-0.0056931153,0.05188825,0.11970789,-0.02079601,0.036162008,0.0070552514,8.658106e-06,0.011793888,0.0026527392,-0.0067231804,0.012671624,-0.0020813784,0.25224388,0.0,-0.0122406455,0.010708147,0.019868914,0.0
0.017396074,0.053435586,-0.0136852125,0.0046479492,-0.057682198,0.09519662,0.052354153,0.03035064,0.019138489,0.0023488014,-0.005896149,-0.037683297,0.02502641,-0.0041680634,-0.0034021568,0.3242856,0.0,0.016311571,-0.0072597945,0.030258043,0.0
0.006212297,0.005197065,-0.0077442448,0.0013254778,0.018818736,-0.05880803,0.01816422,0.014071317,-0.02202211,-0.0019810593,-0.0047156867,-0.0033331132,0.012842773,0.0010465009,0.002376469,-0.0701718,0.0,0.007021113,0.0030100031,0.0381294,0.0
0.00728375,0.018232575,-0.0039574117,-0.0020856042,-0.004765063,-0.082017705,-0.03251091,0.009666954,-0.009576677,0.009280138,-0.006245372,-0.010635516,-0.033494126,0.015207157,0.003909725,-0.12133994,0.0,-0.0010773594,0.012376578,0.015275975,0.0
0.002741231,0.014543564,-0.021560183,-0.003731524,0.06732072,0.02089725,0.015313672,0.01144564,-0.0058065127,-0.0051650894,-0.0051123444,0.00314948,0.014983537,-9.013624e-06,-0.012288364,0.087069824,0.0,0.00078236416,0.01695552,-0.004466955,0.0
0.015460332,0.0034387633,0.028252188,0.0009294356,0.05659359,0.024650604,0.053553432,0.09947187,0.044866376,-0.001024023,-0.0036111383,-0.0028393804,0.024413463,0.0031706057,-0.003454627,0.12360361,0.0,0.0015269975,-0.00043917776,0.00089852157,0.0
0.004824547,0.03565342,-0.002440448,-0.0016839264,-0.040583864,0.16202156,-0.022457372,0.07008101,0.045128472,0.004073605,0.005991928,0.001181457,0.020008145,0.009590299,-0.005304925,-0.09543823,0.0,0.012332753,-0.011094659,-0.00039698914,0.0
-0.014897459,-0.033905227,0.0036223326,-0.008907912,0.040673498,-0.04498102,0.032159954,0.06398771,0.010499315,-0.0033349942,-0.0030564226,-0.004769442,0.0018859517,0.017995125,-0.004880367,-0.10122984,0.0,-0.0023797348,0.008974682,0.02371465,0.0
0.012852912,-0.029787282,-0.00045933554,-0.004659666,0.034382176,-0.1626783,-0.024941904,0.06659727,0.011700859,-0.0010091662,-0.0034953852,0.0011614476,0.005597465,0.025842244,-0.004807922,-0.10986576,0.0,-0.005765183,-0.006336533,0.014408637,0.0
-0.0042877193,0.0022218525,-0.006297445,-0.0020077876,-0.053955596,-0.11370344,-0.012290452,-0.015630035,-0.040707655,0.0005097656,-0.0052965893,0.0034417398,0.03278126,-0.0039046446,-0.0049252575,-0.1744736,0.0,-0.008846454,-0.008447762,-0.10425727,0.0
0.009125909,0.0011886074,0.0022778,-0.002034633,-0.0011357603,-0.041903067,-0.02677745,0.03514116,0.0145065235,0.006687469,-0.010950828,0.006504432,-0.021970527,0.0008914137,-0.005510029,0.09481031,0.0,-0.0023258799,0.012883106,0.0034355724,0.0
0.031330768,0.032006882,0.026017658,0.0038901235,0.06126473,0.1241809,0.07592946,0.045254216,0.018669944,-0.0048809904,-0.0073262774,0.006308652,0.039205447,-0.00071484,-0.0039774682,0.42969027,0.0,-0.0012133541,-0.0033416352,0.023556214,0.0
-0.006670688,-0.02282763,-0.0065533146,-0.00088454457,0.020702617,-0.088867165,-0.013224486,0.039170746,-0.0017681698,-0.0071208426,-0.0053126607,-2.8945135e-05,-0.03846343,-0.0012986964,-0.0053864764,0.26330382,0.0,0.0037430455,0.0052138157,0.02216003,0.0
0.006259876,0.006588869,0.001629222,-0.002855838,-0.0059268586,0.10975684,0.002664351,0.051486753,0.040221877,0.0014736645,0.0048774467,0.0035561798,0.03726535,0.0059005646,-0.0039093522,0.11353288,0.0,-0.0013069878,0.012086326,0.0024184708,0.0
-0.00579596,-0.041486938,-0.0023222363,-0.0010904858,-0.019325068,-0.07959,-0.0728922,0.010887789,-0.0052306787,0.058218013,-0.021469338,0.0038936778,-0.02632697,0.011882364,-0.017701792,-0.15644541,0.0,0.00526272,0.008272142,-0.14334445,0.0
0.003694641,0.0044312794,-0.0074664345,-0.0016999699,-0.050981022,-0.06775495,-0.0074662333,-0.006334214,-0.029612493,0.0031914478,-0.003025617,-0.033737794,0.0057601505,-0.00015748959,-0.0012207036,-0.16805339,0.0,-0.0056134937,-0.013936033,-0.15736817,0.0
0.01257585,-0.01605544,0.00015694622,-0.0022906112,0.038417708,-0.10537802,-0.0025658482,-0.0016410828,-0.02084697,0.0062064696,-0.0047666174,0.0036317448,0.04077489,0.0031014292,0.0057667056,-0.14252107,0.0,0.0065460214,0.00027941976,0.017240273,0.0
-0.0303451,-0.060865525,-0.004040813,-0.004134615,-0.03711038,0.00023504213,-0.06270103,0.0023097198,0.010352934,0.0009846296,-0.0030309742,-0.004404656,-0.12872681,0.009590748,-0.005647953,0.07588797,0.0,-0.00395832,-0.007906558,-0.005745003,0.0
0.01023584,-0.017722005,-0.02518082,-0.009262559,-0.07239332,0.05835805,0.044447213,0.085662924,0.024578216,-0.003444588,-0.0019318627,-0.019952115,-0.022707002,-0.012060631,-0.0031405396,0.40492505,0.0,0.014565496,-0.0063399393,0.035872333,0.0
0.0057676244,0.075823255,-0.0010568233,0.001038554,0.09482968,0.021202005,0.04319378,0.014987066,0.01790808,-0.0028438736,-0.003078056,-0.0012870508,0.0016845629,0.0060908976,0.046454124,-0.13213214,0.0,0.0142409615,0.021032326,0.041338105,0.0
-0.0009997354,-0.0018906395,-0.0033307332,-0.0023060064,0.045720685,0.11220291,-0.007262411,-0.041704282,-0.01851701,0.0072778785,-0.008190099,-0.008971547,-0.039061155,0.0044415644,0.010117614,-0.10564329,0.0,0.0020365582,0.0004917823,0.013189875,0.0
0.001520237,0.03604895,0.0050827223,-0.0037587332,-0.035919722,0.052311126,-0.031492963,0.036161855,0.020741208,0.00026497935,0.012943989,-0.009020431,-0.021401832,0.0042228745,-0.0029883129,0.09613946,0.0,0.00050798577,-0.0155372,-0.0005990168,0.0
-0.04210201,-0.04536635,-0.00083311816,0.00014408455,-0.032120608,-0.21035548,-0.114779145,0.030403225,-0.017899055,0.0013031389,-0.0058046505,-0.004210947,-0.10714794,-0.026377292,0.009742767,-0.17052971,0.0,-0.0065540317,0.007975986,0.012601821,0.0
-0.0012040716,0.0015521032,-0.0051531536,0.0007959143,-0.036438182,0.012125781,-0.030761577,0.056887936,0.028256621,-0.00022644082,0.00048490253,0.0039729266,0.01579792,-0.0053570354,-0.0034724525,0.10688308,0.0,0.00093015225,-0.009920032,-0.0008781877,0.0
-0.014746118,0.0011395069,-0.0032545282,-0.00060911104,-0.04341192,-0.13986982,-0.01908671,-0.07270956,0.018477935,0.0010499639,-0.008521314,0.004676247,-0.020395815,-0.012821283,0.017135285,-0.17513898,0.0,-0.0018496162,-0.0036061108,0.072538674,0.0
0.009754852,0.0024997345,-0.0018206423,0.0009892706,0.08791633,0.006956051,0.08040138,0.073005065,0.044460077,-0.0074373675,-0.0053626928,-0.011035482,0.01760831,-0.001489927,-0.004798795,0.35883823,0.0,0.0048232367,0.0022589816,0.024741873,0.0
0.007978053,-0.030717291,-0.0017293434,0.0021326628,-0.030054707,0.07406674,0.030358398,-0.010469773,-0.023276152,0.0024853079,-0.007456253,-0.0018487856,0.010322702,0.0032902206,0.030787082,-0.0655922,0.0,-0.006240029,-0.0063385423,0.063585766,0.0
0.009338114,0.03066383,-0.014348507,-0.007232665,-0.006462611,0.07907672,-0.02378922,0.031917624,0.022391781,0.0029706962,0.0041665244,0.0052814395,0.00859597,0.0053664846,-0.0024590096,0.11463525,0.0,-0.005027768,-0.010062893,-0.0006101805,0.0
-0.007973421,-0.028079115,0.0055519384,-0.005810074,-0.008757818,-0.07207305,-0.008654715,-0.10140678,0.012101922,0.0025049446,-0.0042432696,0.0028149642,0.032713357,0.018778868,0.012898377,-0.18707718,0.0,0.0013848309,0.0073442766,-0.017748535,0.0
0.00932819,0.0513438,0.005364832,-0.0012592145,0.06687936,0.011922206,0.035307147,0.04505706,0.025006045,0.0038063629,-0.007529802,0.0015855434,-0.009539013,-0.00040009792,-0.005455531,0.1085583,0.0,-0.00622644,0.006339936,0.0099851005,0.0
-0.00072942354,0.0036422617,-0.00029570583,-0.00017958028,0.004329832,-0.028826686,-0.041126303,0.052431576,0.01760068,0.0015746197,-0.0003101897,0.003591724,-0.016108511,0.0005294274,-0.0070029846,0.07484063,0.0,0.000111919,-0.0027354246,0.0032588937,0.0
0.0034492188,-0.010557343,-0.0015500129,-0.003140778,-0.06752435,0.09416454,-0.0021893205,-0.036295146,-0.034083884,0.0132514145,-0.0129773775,0.0012147996,-0.031761516,-0.021776183,0.0006708315,-0.14390641,0.0,-0.0054134997,-0.0031343352,-0.09671632,0.0
0.004277612,-0.008136285,-0.002474102,-0.0012552409,-0.009718689,-0.1322709,-0.02571188,-0.004408061,-0.02846392,0.009298668,-0.008494345,0.00871956,-0.0023260994,-0.0023811816,0.010639267,-0.13176803,0.0,-0.0048860763,0.006988346,-0.026341667,0.0
